<?xml version="1.0" encoding="UTF-8"?>
<beans xmlns="http://www.springframework.org/schema/beans"
	xmlns:xsi="http://www.w3.org/2001/XMLSchema-instance"
	xmlns:context="http://www.springframework.org/schema/context"
	xmlns:mybatis-spring="http://mybatis.org/schema/mybatis-spring"
	xmlns:aop="http://www.springframework.org/schema/aop"
	xmlns:tx="http://www.springframework.org/schema/tx"
	xsi:schemaLocation="http://mybatis.org/schema/mybatis-spring http://mybatis.org/schema/mybatis-spring-1.2.xsd
		http://www.springframework.org/schema/beans http://www.springframework.org/schema/beans/spring-beans.xsd
		http://www.springframework.org/schema/context http://www.springframework.org/schema/context/spring-context-4.3.xsd
		http://www.springframework.org/schema/aop http://www.springframework.org/schema/aop/spring-aop-4.3.xsd
		http://www.springframework.org/schema/tx http://www.springframework.org/schema/tx/spring-tx-4.3.xsd">
	
	<!-- Root Context: defines shared resources visible to all other web components -->
	<context:property-placeholder location="classpath:properties/*.properties"/>
	
	
	<bean id="hikariConfig" class="com.zaxxer.hikari.HikariConfig">
		<!-- <property name="driverClassName" value="com.mysql.cj.jdbc.Driver" />
		<property name="jdbcUrl" value="jdbc:mysql://localhost:3306/mydata?serverTimezone=Asia/Seoul" /> -->
		<!-- <property name="jdbcUrl" value="jdbc:mysql://localhost:3306/mydata?serverTimezone=Asia/Seoul&amp;useSSL=false&amp;allowPublicKeyRetrieval=true" /> -->
		<property name="driverClassName" value="${jdbc.driver}" />
		<property name="jdbcUrl" value="${jdbc.url}" />
		<property name="username" value="${jdbc.username}" />
		<property name="password"  value="${jdbc.password}" />	
	</bean>
	
	<bean id="dataSource" class="com.zaxxer.hikari.HikariDataSource">
		<constructor-arg ref="hikariConfig" />
	</bean>
	
	<bean id="sqlSessionFactory" class="org.mybatis.spring.SqlSessionFactoryBean">
		<property name="dataSource" ref="dataSource" />
		<property name="configLocation" value="classpath:MapperConfig.xml"/>
		<property name="mapperLocations" value="classpath:sql/**/*Mapper.xml"/>
	</bean>
	
	<bean id="sqlSession" class="org.mybatis.spring.SqlSessionTemplate">
		<constructor-arg ref="sqlSessionFactory"></constructor-arg>
	</bean>
	
	<mybatis-spring:scan base-package="net.koreate.sboard.dao"></mybatis-spring:scan>
	
<!--
 	<bean class="org.mybatis.spring.mapper.MapperFactoryBean">
		<property name="mapperInterface" value="net.koreate.sboard.dao.BoardDao"/>
		<property name="sqlSessionFactory" ref="sqlSessionFactory"/>
		<property name="sqlSessionTemplate" ref="sqlSession"/>
	</bean>
	
	<bean class="org.mybatis.spring.mapper.MapperFactoryBean">
		<property name="mapperInterface" value="net.koreate.sboard.dao.CommentDao"/>
		<property name="sqlSessionFactory" ref="sqlSessionFactory"/>
		<property name="sqlSessionTemplate" ref="sqlSession"/>
	</bean> 
-->
	<bean id="transactionManager" 
		class="org.springframework.jdbc.datasource.DataSourceTransactionManager">
		<property name="dataSource" ref="dataSource"></property>
	</bean>
	
	<tx:annotation-driven/>
	
	<bean id="uploadPath" class="java.lang.String">
		<constructor-arg value="c:\\spring\\upload"></constructor-arg>
	</bean>
	
	<aop:aspectj-autoproxy></aop:aspectj-autoproxy>
	
	<context:component-scan base-package="net.koreate.sboard.service" />
	<context:component-scan base-package="net.koreate.sboard.aop" />
		
</beans>
